City_ID,City,Lat,Lng,Max Temp,Humidity,Cloudiness,Wind Speed,Country,Date
0,rikitea,-23.1203,-134.9692,298.64,83,92,13.08,PF,1678562661
1,carnarvon,-24.8667,113.6333,297.17,76,0,10.76,AU,1678562792
2,porto novo,6.4965,2.6036,301.05,76,99,3.53,BJ,1678562894
3,hermanus,-34.4187,19.2345,289.15,63,62,3.05,ZA,1678562682
4,walla walla,46.0646,-118.343,285.29,48,75,2.24,US,1678562914
5,lagoa,39.05,-27.9833,289.64,93,100,17.85,PT,1678563191
6,trofors,65.5333,13.4063,264.08,98,100,1.52,NO,1678563192
7,fairbanks,64.8378,-147.7164,260.15,84,0,0.0,US,1678563000
8,ribeira grande,38.5167,-28.7,291.37,94,40,11.18,PT,1678563193
9,albany,42.6001,-73.9662,277.55,74,100,1.34,US,1678562475
10,busselton,-33.65,115.3333,290.38,67,100,1.75,AU,1678562686
11,puerto ayora,-0.7393,-90.3518,303.13,76,50,4.92,EC,1678563194
12,cape town,-33.9258,18.4232,289.88,70,0,3.58,ZA,1678562681
13,ostrovnoy,68.0531,39.5131,265.68,90,79,8.35,RU,1678562732
14,mar del plata,-38.0023,-57.5575,300.83,93,40,4.12,AR,1678562686
15,upernavik,72.7868,-56.1549,252.51,83,36,2.1,GL,1678562849
16,bluff,-46.6,168.3333,287.62,71,73,6.64,NZ,1678562660
17,kodiak,57.79,-152.4072,276.88,28,0,5.66,US,1678562799
18,houma,29.5958,-90.7195,300.94,71,27,4.02,US,1678562986
19,atuona,-9.8,-139.0333,299.67,78,61,4.24,PF,1678562663
20,punta arenas,-53.15,-70.9167,288.21,33,0,6.69,CL,1678562622
21,torbay,47.6666,-52.7314,274.97,96,100,12.86,CA,1678562737
22,san ramon,37.7799,-121.978,289.68,89,100,3.58,US,1678563197
23,vaini,-21.2,-175.2,299.24,78,75,2.06,TO,1678562692
24,saint anthony,45.0205,-93.218,273.87,89,100,9.26,US,1678563025
25,karratha,-20.7377,116.8463,303.78,22,0,4.31,AU,1678562710
26,tuktoyaktuk,69.4541,-133.0374,255.15,85,100,6.17,CA,1678562807
27,ushuaia,-54.8,-68.3,284.96,43,40,3.09,AR,1678562507
28,nongan,44.382,125.1685,266.32,30,100,3.17,CN,1678563198
29,butembo,0.15,29.2833,287.53,95,96,1.1,CD,1678563199
30,maceio,-9.6658,-35.7353,302.84,61,0,5.66,BR,1678563199
31,chapleau,47.8405,-83.4034,266.2,58,20,4.12,CA,1678563023
32,lev tolstoy,53.2134,39.446,276.18,100,100,7.69,RU,1678563200
33,puerto lleras,3.0223,-73.4044,296.66,92,100,0.99,CO,1678563200
34,lazarev,52.225,141.5131,265.4,96,100,4.71,RU,1678563201
35,avarua,-21.2078,-159.775,299.18,89,75,7.72,CK,1678562702
36,kapaa,22.0752,-159.319,295.48,85,100,2.57,US,1678562669
37,airai,-8.9266,125.4092,287.54,92,8,0.22,TL,1678562737
38,nabire,-3.3667,135.4833,296.76,94,100,1.83,ID,1678563203
39,hobart,-42.8794,147.3294,286.61,86,40,1.54,AU,1678562538
40,shaunavon,49.6501,-108.4181,265.03,87,100,6.37,CA,1678563204
41,esperance,-33.8667,121.9,289.16,91,85,4.36,AU,1678562784
42,kaitangata,-46.2817,169.8464,283.26,85,99,2.26,NZ,1678562736
43,narsaq,60.9167,-46.05,276.27,74,6,2.23,GL,1678562860
44,ponta do sol,32.6667,-17.1,293.77,75,28,2.93,PT,1678562707
45,east london,-33.0153,27.9116,294.66,74,98,8.63,ZA,1678562665
46,pochutla,15.7432,-96.4661,303.05,48,66,4.04,MX,1678563205
47,kruisfontein,-34.0033,24.7314,291.42,68,21,5.59,ZA,1678562664
48,tautira,-17.7333,-149.15,300.99,81,50,7.15,PF,1678562685
49,kieta,-6.2167,155.6333,298.38,81,39,1.44,PG,1678562657
50,port hedland,-20.3167,118.5667,302.18,79,0,3.6,AU,1678562722
51,jamestown,42.097,-79.2353,272.95,86,100,4.12,US,1678562726
52,nisia floresta,-6.0911,-35.2086,303.6,67,76,4.93,BR,1678563206
53,mahebourg,-20.4081,57.7,299.96,83,40,3.09,MU,1678562762
54,port alfred,-33.5906,26.891,292.69,85,63,2.68,ZA,1678562674
55,moerai,-22.4333,-151.3333,298.76,74,100,7.62,PF,1678562593
56,yellowknife,62.456,-114.3525,254.44,65,20,4.63,CA,1678562664
57,saint-philippe,-21.3585,55.7679,297.92,86,99,5.07,RE,1678562699
58,haimen,23.1935,116.6142,289.09,78,16,1.3,CN,1678563207
59,honningsvag,70.9821,25.9704,268.01,63,21,9.26,NO,1678562851
60,saint george,37.1041,-113.5841,291.07,57,75,7.72,US,1678562644
61,hilo,19.7297,-155.09,299.42,77,100,1.54,US,1678562791
62,bengkulu,-3.8004,102.2655,296.69,91,100,1.67,ID,1678562743
63,same,-4.0667,37.7333,294.87,73,100,3.5,TZ,1678563208
64,buta,2.7858,24.73,294.33,98,100,1.03,CD,1678563209
65,talnakh,69.4865,88.3972,262.71,86,100,3.84,RU,1678562762
66,ariquemes,-9.9133,-63.0408,297.82,96,99,0.98,BR,1678563209
67,santa maria,-29.6842,-53.8069,305.76,52,20,4.63,BR,1678562604
68,nikolskoye,59.7035,30.7861,269.09,96,100,3.91,RU,1678562841
69,parana,-31.732,-60.5238,311.77,36,1,4.75,AR,1678563210
70,presidente dutra,-5.29,-44.49,299.51,93,100,1.99,BR,1678563210
71,lebu,-37.6167,-73.65,291.01,76,70,8.28,CL,1678562709
72,vila velha,-20.3297,-40.2925,302.12,71,20,7.2,BR,1678563211
73,saldanha,-33.0117,17.9442,288.18,74,30,7.92,ZA,1678562795
74,north platte,41.1239,-100.7654,282.8,46,0,5.36,US,1678563212
75,lake cowichan,48.825,-124.0546,280.06,89,99,1.67,CA,1678563212
76,georgetown,5.4112,100.3354,300.11,88,20,1.03,MY,1678562529
77,barrow,71.2906,-156.7887,248.16,77,0,4.12,US,1678562791
78,ilulissat,69.2167,-51.1,269.16,33,0,1.03,GL,1678562773
79,saint-francois,46.4154,3.9054,280.35,99,100,1.03,FR,1678563213
80,imbituba,-28.24,-48.6703,299.25,76,2,3.06,BR,1678563068
81,tuatapere,-46.1333,167.6833,287.09,79,91,3.36,NZ,1678562858
82,cabo san lucas,22.8909,-109.9124,306.27,30,0,5.14,MX,1678562547
83,komsomolskiy,40.4272,71.7189,287.55,67,100,2.06,UZ,1678562689
84,pyinmana,19.7333,96.2167,296.25,30,77,0.91,MM,1678563214
85,mataura,-46.1927,168.8643,284.42,73,100,1.64,NZ,1678562665
86,kahului,20.8947,-156.47,298.13,71,20,1.34,US,1678562732
87,jining,35.405,116.5814,280.53,21,100,9.02,CN,1678563215
88,port elizabeth,-33.918,25.5701,293.31,75,100,5.66,ZA,1678562676
89,haines junction,60.7522,-137.5108,263.12,48,49,2.06,CA,1678563216
90,hamilton,39.1834,-84.5333,281.62,54,40,2.57,US,1678562827
91,wingham,43.8879,-81.3114,271.7,76,100,3.86,CA,1678563008
92,coquimbo,-29.9533,-71.3436,297.0,56,0,4.12,CL,1678562610
93,ixtapa,20.7,-105.2,298.72,69,40,3.09,MX,1678563218
94,sao filipe,14.8961,-24.4956,298.14,60,0,3.46,CV,1678562704
95,dikson,73.5069,80.5464,257.42,93,100,6.14,RU,1678562660
96,xapuri,-10.6517,-68.5044,296.01,98,100,1.28,BR,1678563219
97,qaanaaq,77.484,-69.3632,254.32,72,0,2.04,GL,1678562654
98,unecha,52.8459,32.6739,277.91,98,100,5.79,RU,1678563220
99,derzhavinsk,51.1,66.3167,274.07,100,100,4.62,KZ,1678563220
100,new norfolk,-42.7826,147.0587,286.42,62,12,0.45,AU,1678562716
101,nove zamky,47.9854,18.1619,277.05,47,41,7.12,SK,1678563221
102,michigan city,41.7075,-86.895,280.27,65,100,3.09,US,1678563221
103,yarim,14.298,44.3779,286.72,72,99,1.64,YE,1678563222
104,nizhnekamsk,55.6366,51.8245,268.59,58,0,2.0,RU,1678563128
105,emerald,-23.5333,148.1667,296.12,96,57,4.0,AU,1678563223
106,koutsouras,35.0339,25.9469,289.88,83,100,8.03,GR,1678563223
107,idenao,4.2475,9.0047,299.82,84,100,1.97,CM,1678563226
108,arraial do cabo,-22.9661,-42.0278,300.13,69,40,7.2,BR,1678562678
109,coahuayana,18.7333,-103.6833,303.36,49,8,3.36,MX,1678563226
110,butaritari,3.0707,172.7902,300.73,75,4,7.23,KI,1678562683
111,vestmannaeyjar,63.4427,-20.2734,266.14,48,55,4.05,IS,1678562806
112,xuanhua,40.6103,115.0447,268.58,19,0,9.16,CN,1678563228
113,bekhtery,46.251,32.2927,281.42,97,100,9.63,UA,1678563228
114,xifeng,42.7372,124.7222,268.87,25,99,5.85,CN,1678563229
115,anadyr,64.75,177.4833,248.43,84,0,6.0,RU,1678562717
116,manakara,-22.1333,48.0167,296.35,83,99,1.14,MG,1678563230
117,sisimiut,66.9395,-53.6735,263.32,76,4,1.67,GL,1678563230
118,luderitz,-26.6481,15.1594,292.04,70,0,10.22,NA,1678562681
119,nanzhang,31.7765,111.8386,287.96,24,100,6.7,CN,1678563231
120,castro,-24.7911,-50.0119,294.08,91,100,2.97,BR,1678562696
121,mount gambier,-37.8333,140.7667,285.26,95,25,2.25,AU,1678562872
122,dicamay,16.7561,122.0037,289.98,92,0,1.55,PH,1678563231
123,tabas,33.5959,56.9244,290.99,38,0,0.68,IR,1678563232
124,katsuura,35.1333,140.3,285.38,63,0,2.32,JP,1678562781
125,agadez,19.75,10.25,297.83,12,100,1.89,NE,1678563232
126,thompson,55.7435,-97.8558,265.24,49,20,3.6,CA,1678562779
127,la ronge,55.1001,-105.2842,263.29,62,75,5.14,CA,1678562839
128,port blair,11.6667,92.75,299.0,73,37,1.04,IN,1678563233
129,hithadhoo,-0.6,73.0833,301.02,70,13,3.12,MV,1678562694
130,tura,25.5198,90.2201,294.34,30,0,1.24,IN,1678562891
131,chokurdakh,70.6333,147.9167,241.11,95,15,2.33,RU,1678562693
132,kirakira,-10.4544,161.9205,298.72,89,100,1.22,SB,1678563234
133,richards bay,-28.783,32.0377,297.48,90,0,1.58,ZA,1678563127
134,mpika,-11.8343,31.4529,290.17,95,100,1.38,ZM,1678563235
135,saskylakh,71.9167,114.0833,246.85,93,99,3.24,RU,1678562662
136,puerto leguizamo,-0.1934,-74.7819,295.8,99,100,0.96,CO,1678563235
137,abancay,-13.6339,-72.8814,293.99,65,81,3.43,PE,1678563236
138,ferrol,43.4832,-8.2369,289.44,90,100,5.79,ES,1678563236
139,paramonga,-10.6667,-77.8333,299.68,70,54,4.73,PE,1678563236
140,vardo,70.3705,31.1107,264.14,73,3,11.83,NO,1678562708
141,vershino-darasunskiy,52.35,115.5167,248.85,90,68,1.75,RU,1678563237
142,okhotsk,59.3833,143.3,261.16,94,100,5.07,RU,1678563238
143,paamiut,61.994,-49.6678,272.15,77,99,1.47,GL,1678562905
144,tasiilaq,65.6145,-37.6368,264.24,74,0,1.64,GL,1678562691
145,bougouni,11.417,-7.479,304.66,11,62,0.52,ML,1678563238
146,palmer,42.1584,-72.3287,279.13,62,75,6.69,US,1678562863
147,pisco,-13.7,-76.2167,300.38,73,0,4.12,PE,1678562700
148,nixa,37.0434,-93.2944,278.84,91,100,5.36,US,1678563239
149,chirongui,-12.9319,45.1483,300.11,72,100,3.3,YT,1678563240
150,touros,-5.1989,-35.4608,300.93,75,18,6.03,BR,1678563240
151,yazd,31.8972,54.3675,287.21,35,0,1.03,IR,1678563241
152,prince rupert,54.3161,-130.3201,276.98,35,100,7.2,CA,1678562669
153,byumba,-1.5763,30.0675,287.26,95,100,1.2,RW,1678563241
154,tiksi,71.6872,128.8694,247.91,97,71,3.59,RU,1678562698
155,port hardy,50.6996,-127.4199,281.25,66,75,7.72,CA,1678563242
156,tommot,58.9564,126.2925,256.26,95,100,3.83,RU,1678563243
157,ponta delgada,37.7333,-25.6667,289.55,100,75,6.69,PT,1678562901
158,victoria,22.2855,114.1577,294.93,89,100,2.2,HK,1678562984
159,buncrana,55.1333,-7.45,276.02,96,100,4.59,IE,1678563243
160,hobyo,5.3505,48.5268,300.18,78,13,5.78,SO,1678562693
161,port-gentil,-0.7193,8.7815,299.13,89,20,3.6,GA,1678563244
162,bethel,41.3712,-73.414,279.2,68,100,5.66,US,1678562720
163,alyangula,-13.8483,136.4192,300.03,77,57,4.81,AU,1678563245
164,dergachi,51.2328,48.7659,275.28,77,100,5.9,RU,1678563245
165,ola,59.5833,151.2833,256.01,93,100,3.34,RU,1678563246
166,vigrestad,58.5667,5.7,271.97,56,100,9.98,NO,1678563248
167,sterling,39.0062,-77.4286,281.67,52,75,9.26,US,1678563248
168,homer,59.6425,-151.5483,274.84,41,0,1.54,US,1678563111
169,mazarron,37.5992,-1.3149,295.9,61,57,0.9,ES,1678563249
170,ornskoldsvik,63.2909,18.7153,263.68,85,13,1.54,SE,1678563249
171,aklavik,68.2191,-135.0107,253.15,77,40,2.06,CA,1678562748
172,buraydah,26.326,43.975,293.4,29,4,6.22,SA,1678563250
173,souillac,-20.5167,57.5167,299.36,83,40,3.09,MU,1678562754
174,san patricio,28.017,-97.5169,305.41,41,0,6.57,US,1678562729
175,savannah bight,16.45,-85.85,299.17,73,3,6.46,HN,1678563080
176,boulsa,12.6675,-0.5758,307.0,11,96,3.83,BF,1678563251
177,fortuna,40.5982,-124.1573,284.78,67,0,7.2,US,1678562419
178,rongcheng,30.634,117.8517,284.64,66,55,3.87,CN,1678563252
179,iqaluit,63.7506,-68.5145,254.0,78,20,1.54,CA,1678562665
180,petatlan,17.5167,-101.2667,303.04,50,1,3.64,MX,1678563252
181,batagay-alyta,67.8006,130.4114,242.72,93,60,2.68,RU,1678563253
182,petropavlovsk-kamchatskiy,53.0452,158.6483,261.48,85,40,4.0,RU,1678563086
183,emba,48.8264,58.1442,274.45,100,100,1.45,KZ,1678563253
184,kokstad,-30.5472,29.4241,288.84,99,100,1.58,ZA,1678563254
185,garowe,8.4054,48.4845,297.11,68,9,7.83,SO,1678562882
186,acapulco,16.8634,-99.8901,302.05,65,0,3.6,MX,1678563063
187,clyde river,70.4692,-68.5914,257.28,78,20,8.23,CA,1678562849
188,nishihara,26.1842,127.7558,291.75,88,40,3.09,JP,1678562684
189,cerro largo,-28.1486,-54.7381,310.6,21,0,3.55,BR,1678563255
190,banda aceh,5.5577,95.3222,299.03,82,99,1.03,ID,1678562703
191,kidal,18.4411,1.4078,305.13,10,36,2.4,ML,1678563256
192,lokosovo,61.1333,74.8167,265.39,86,100,10.36,RU,1678563256
193,hastings,50.8552,0.5729,279.7,45,100,5.88,GB,1678563257
194,yongzhou,26.4559,111.5988,292.41,65,100,8.48,CN,1678563257
195,raga,8.4596,25.678,300.85,14,15,2.29,SS,1678563258
196,berlevag,70.8578,29.0864,264.12,62,36,10.8,NO,1678563258
197,sosnovo-ozerskoye,52.5249,111.5418,249.05,94,24,1.24,RU,1678563259
198,westport,41.1415,-73.3579,279.99,65,100,6.69,US,1678562741
199,biltine,14.5333,20.9167,299.48,10,93,4.11,TD,1678563259
200,fort nelson,58.8053,-122.7002,259.79,53,20,2.24,CA,1678563260
201,nuuk,64.1835,-51.7216,272.49,69,40,2.57,GL,1678563260
202,maragogi,-9.0122,-35.2225,300.77,71,99,4.18,BR,1678563123
203,zeya,53.75,127.2667,260.54,97,100,0.73,RU,1678563261
204,qaqortoq,60.7167,-46.0333,271.85,73,6,2.67,GL,1678562742
205,grindavik,63.8424,-22.4338,264.41,45,0,11.32,IS,1678563261
206,vallenar,-28.5708,-70.7581,301.65,35,0,4.57,CL,1678563262
207,mount pleasant,32.7941,-79.8626,292.03,38,0,4.63,US,1678562964
208,fraga,41.5229,0.3489,293.44,52,41,10.91,ES,1678563262
209,auki,-8.7676,160.7034,298.17,81,100,1.35,SB,1678563263
210,tiquisate,14.2833,-91.3667,305.04,49,97,5.61,GT,1678563263
211,bahnea,46.3667,24.4833,276.47,68,49,6.69,RO,1678563264
212,jinxiang,27.4327,120.6062,288.93,78,79,1.8,CN,1678563264
213,bershet,57.7309,56.3783,264.74,96,9,1.5,RU,1678563265
214,pevek,69.7008,170.3133,242.05,100,63,4.38,RU,1678562843
215,hambantota,6.1241,81.1185,298.48,81,55,6.77,LK,1678563265
216,rio grande,-32.035,-52.0986,305.21,76,1,6.33,BR,1678563118
217,port-cartier,50.0334,-66.8654,275.27,70,20,0.63,CA,1678563266
218,dingle,10.9995,122.6711,296.38,87,10,3.05,PH,1678562728
219,flin flon,54.7682,-101.865,267.06,53,40,3.09,CA,1678563267
220,teguldet,57.3064,88.1667,273.27,99,100,4.3,RU,1678563267
221,yulara,-25.2406,130.9889,295.92,23,0,4.34,AU,1678562775
222,yar-sale,66.8333,70.8333,260.93,88,100,8.58,RU,1678563268
223,meulaboh,4.1363,96.1285,297.89,89,100,1.67,ID,1678562690
224,lompoc,34.6391,-120.4579,291.25,82,100,3.6,US,1678562739
225,chara,56.9064,118.2631,245.15,79,3,0.42,RU,1678562875
226,chuy,-33.6971,-53.4616,304.29,51,4,5.95,UY,1678562744
227,severo-kurilsk,50.6789,156.125,272.46,89,100,3.04,RU,1678562752
228,cidreira,-30.1811,-50.2056,299.67,75,98,5.68,BR,1678562704
229,husavik,66.0449,-17.3389,264.09,80,100,5.36,IS,1678562872
230,codrington,-38.2667,141.9667,286.83,93,92,2.13,AU,1678563271
231,port lincoln,-34.7333,135.8667,288.98,80,2,4.89,AU,1678562477
232,poyarkovo,49.6,128.6833,260.49,85,40,5.36,RU,1678563272
233,puerto penasco,31.3167,-113.5333,292.54,65,57,1.79,MX,1678563272
234,ampanihy,-24.7,44.75,296.25,78,77,2.52,MG,1678563273
235,gayny,60.3071,54.3241,259.21,98,50,1.85,RU,1678563273
236,cururupu,-1.8283,-44.8683,301.71,72,24,3.14,BR,1678562769
237,aktash,50.3,87.7333,263.15,69,99,3.67,RU,1678563274
238,lokomotivnyy,53.0118,60.5684,262.54,89,17,2.86,RU,1678563274
239,khatanga,71.9667,102.5,240.87,100,66,2.56,RU,1678563275
240,taoudenni,22.6783,-3.9836,305.19,9,0,7.22,ML,1678562676
241,kota tinggi,1.7381,103.8999,299.17,93,92,1.74,MY,1678563275
242,moron,-34.6534,-58.6198,312.09,36,0,3.87,AR,1678563276
243,isangel,-19.55,169.2667,298.14,72,1,4.84,VU,1678563251
244,tshela,-4.9833,12.9333,296.22,98,100,0.81,CD,1678563276
245,nanortalik,60.1432,-45.2371,273.36,74,38,1.73,GL,1678562699
246,naze,28.3667,129.4833,291.66,65,100,4.43,JP,1678563277
247,alice springs,-23.7,133.8833,288.9,41,0,0.0,AU,1678562779
248,sioux lookout,50.1001,-91.917,267.19,35,100,4.12,CA,1678562769
249,tambura,5.6,27.4667,300.21,45,68,1.81,SS,1678563278
250,kodinsk,58.6881,99.1844,264.32,99,100,1.92,RU,1678563278
251,rudnichnyy,59.617,52.4703,255.6,100,71,1.88,RU,1678563279
252,canandaigua,42.8742,-77.288,273.81,79,100,2.24,US,1678563276
253,baghdad,33.3406,44.4009,290.1,63,0,1.03,IQ,1678563138
254,tromso,69.6496,18.957,270.16,74,75,9.26,NO,1678563279
255,tahoua,14.8888,5.2692,307.14,13,98,2.06,NE,1678563280
256,amvrosiyivka,47.7935,38.4777,282.78,85,100,5.61,UA,1678563280
257,nizhniy kuranakh,58.8353,125.4869,255.74,97,100,2.56,RU,1678563281
258,provideniya,64.3833,-173.3,263.92,96,100,1.15,RU,1678562722
259,norman wells,65.282,-126.8329,250.17,77,75,1.03,CA,1678562694
260,gander,48.9682,-54.5906,273.22,100,100,12.35,CA,1678563281
261,mizdah,31.4451,12.9801,292.02,34,1,3.37,LY,1678563282
262,gold coast,-28.0,153.4333,298.25,98,100,2.06,AU,1678563282
263,sokoni,-6.4333,39.55,301.07,75,100,6.56,TZ,1678563283
264,klaksvik,62.2266,-6.589,267.66,50,100,4.76,FO,1678563283
265,antsohihy,-14.8796,47.9875,297.27,90,80,0.69,MG,1678563283
266,mega,4.05,38.3,291.12,56,18,2.23,ET,1678563284
267,katobu,-4.9408,122.5276,296.94,91,99,0.64,ID,1678562696
268,flinders,-34.5833,150.8552,293.92,83,75,3.68,AU,1678563285
269,filadelfia,39.9523,-75.1638,280.16,78,100,6.69,US,1678563219
270,kochki,54.3358,80.4806,273.71,98,100,5.84,RU,1678563285
271,abu kamal,34.4506,40.9171,292.46,26,83,6.87,SY,1678563286
272,waingapu,-9.6567,120.2641,297.86,86,24,2.61,ID,1678563286
273,tonantins,-2.8731,-67.8022,297.0,95,100,0.95,BR,1678563287
274,adrar,20.5022,-10.0711,302.38,7,0,5.24,MR,1678562755
275,adrian,41.8975,-84.0372,276.75,67,100,1.79,US,1678563287
276,novosokolniki,56.3463,30.1578,274.65,100,100,4.19,RU,1678563288
277,weymouth,42.2209,-70.9398,277.23,89,100,9.77,US,1678563288
278,faanui,-16.4833,-151.75,300.86,78,96,8.54,PF,1678562843
279,cherskiy,68.75,161.3,245.01,93,20,3.92,RU,1678562715
280,guerrero negro,27.9769,-114.0611,293.75,62,0,8.76,MX,1678562782
281,concarneau,47.875,-3.9225,285.59,83,100,6.45,FR,1678563289
282,vredendal,-31.6683,18.5012,290.02,66,0,5.16,ZA,1678563290
283,selma,36.5708,-119.6121,292.54,89,100,3.6,US,1678563290
284,charters towers,-20.1,146.2667,296.74,80,1,3.2,AU,1678563290
285,mkushi,-13.6202,29.3939,291.29,94,100,1.47,ZM,1678563291
286,miandrivazo,-19.5167,45.4667,297.89,90,100,1.04,MG,1678563291
287,bredasdorp,-34.5322,20.0403,290.12,56,83,1.89,ZA,1678563292
288,bilibino,68.0546,166.4372,240.08,99,6,1.79,RU,1678562826
289,bathsheba,13.2167,-59.5167,301.49,65,75,8.23,BB,1678563292
290,thai binh,20.45,106.3333,295.0,83,100,0.89,VN,1678563293
291,sinnamary,5.3833,-52.95,299.62,70,84,4.78,GF,1678563293
292,coihaique,-45.5752,-72.0662,290.49,94,100,2.06,CL,1678563293
293,iquique,-20.2208,-70.1431,299.17,74,18,4.15,CL,1678563031
294,angoche,-16.2325,39.9086,298.22,91,100,6.32,MZ,1678563294
295,colchester,51.8892,0.9042,278.01,76,100,5.18,GB,1678563265
296,junction city,39.0286,-96.8314,279.6,96,100,3.6,US,1678563077
297,bulawayo,-20.15,28.5833,292.84,64,7,4.49,ZW,1678563295
298,tiznit,29.5833,-9.5,296.75,28,3,0.94,MA,1678563295
299,port hawkesbury,45.6169,-61.3485,277.83,75,100,7.15,CA,1678563296
300,moranbah,-22.0016,148.0466,296.34,85,0,3.35,AU,1678563296
301,manaure,11.7751,-72.4445,300.51,62,100,6.37,CO,1678563297
302,khingansk,49.1167,131.1833,257.38,92,5,1.32,RU,1678563297
303,kalmunai,7.4167,81.8167,297.94,88,20,2.67,LK,1678562819
304,san julian,21.0167,-102.1667,300.5,14,2,3.78,MX,1678563298
305,amapa,1.0,-52.0,298.81,96,22,1.94,BR,1678563298
306,mitsamiouli,-11.3847,43.2844,301.36,71,100,3.78,KM,1678563299
307,san andres,12.5847,-81.7006,303.16,58,40,5.14,CO,1678563300
308,laguna de duero,41.5815,-4.7233,288.1,76,40,5.14,ES,1678563300
309,tual,-5.6667,132.75,301.03,75,100,2.65,ID,1678563233
310,collie,-33.3667,116.15,288.81,49,100,1.86,AU,1678563301
311,kavieng,-2.5744,150.7967,300.41,74,99,1.61,PG,1678562838
312,vao,-22.6667,167.4833,298.19,64,34,7.09,NC,1678562711
313,krasnoselkup,65.7,82.4667,271.33,97,100,10.06,RU,1678562815
314,boyolangu,-8.1181,111.8935,297.97,79,100,1.3,ID,1678563302
315,sorong,-0.8833,131.25,299.23,83,19,1.58,ID,1678563302
316,rawson,-43.3002,-65.1023,305.58,27,85,8.21,AR,1678563031
317,horsham,51.064,-0.3272,279.62,90,75,2.57,GB,1678563303
318,port macquarie,-31.4333,152.9167,294.76,95,100,1.98,AU,1678562721
319,sai buri,6.7013,101.6168,296.73,85,69,3.57,TH,1678563304
320,moche,-8.1711,-79.0092,301.25,83,20,3.6,PE,1678563205
321,nelson bay,-32.7167,152.15,295.93,93,100,2.24,AU,1678562753
322,tabou,4.423,-7.3528,300.15,85,13,4.27,CI,1678562847
323,taber,49.8167,-112.1518,263.62,85,100,4.12,CA,1678563305
324,barra,-11.0894,-43.1417,306.22,35,26,3.19,BR,1678563306
325,madaripur,23.1753,90.2072,298.05,28,5,2.58,BD,1678563306
326,safford,32.834,-109.7076,295.66,38,0,9.26,US,1678563307
327,manokwari,-0.8667,134.0833,298.32,83,100,1.67,ID,1678563307
328,voyvozh,62.892,54.9635,261.65,98,92,2.52,RU,1678563308
329,nova olimpia,-14.7972,-57.2881,296.43,94,100,2.33,BR,1678563308
330,solnechnyy,50.7214,136.6319,263.78,94,100,1.65,RU,1678563309
331,chermoz,58.787,56.1489,259.37,98,50,2.45,RU,1678563309
332,nome,64.5011,-165.4064,264.19,79,100,0.0,US,1678562738
333,gat,31.61,34.7642,291.7,37,90,1.99,IL,1678563184
334,veinticinco de mayo,-35.4323,-60.1727,312.58,24,0,3.13,AR,1678563310
335,prior lake,44.7133,-93.4227,273.77,87,100,7.72,US,1678563311
336,sao raimundo das mangabeiras,-7.0219,-45.4811,302.2,62,100,2.55,BR,1678563311
337,bhagwantnagar,26.2333,80.75,294.08,33,66,1.22,IN,1678563312
338,cockburn town,21.4612,-71.1419,296.86,60,9,2.84,TC,1678562758
339,beloha,-25.1667,45.05,296.28,77,0,6.33,MG,1678563312
340,nhulunbuy,-12.2333,136.7667,298.49,94,100,1.03,AU,1678562827
341,fort-shevchenko,44.5086,50.263,282.15,80,18,5.04,KZ,1678562888
342,sabang,5.8933,95.3214,300.09,78,99,1.91,ID,1678563313
343,egvekinot,66.3167,-179.1667,247.64,89,21,5.19,RU,1678563314
344,caucaia,-3.7361,-38.6531,303.12,75,20,5.14,BR,1678563135
345,hami,42.8,93.45,279.38,23,2,3.92,CN,1678563315
346,general roca,-39.0333,-67.5833,308.5,9,0,4.76,AR,1678563315
347,umm lajj,25.0213,37.2685,296.32,52,0,2.09,SA,1678563316
348,nouadhibou,20.931,-17.0347,293.14,77,0,8.75,MR,1678562858
349,malakal,9.5334,31.6605,304.45,15,13,2.8,SS,1678562907
350,san nicolas,18.1725,120.5953,294.27,73,3,2.43,PH,1678563317
351,hillsborough,37.5741,-122.3794,289.71,90,100,6.17,US,1678563317
352,hirtshals,57.5881,9.9592,274.09,57,25,13.07,DK,1678563041
353,camana,-16.6228,-72.7111,298.62,72,96,4.31,PE,1678563318
354,san cristobal,7.7669,-72.225,293.25,81,100,0.32,VE,1678563318
355,vila,42.0304,-8.1588,282.64,3,100,2.12,PT,1678563319
356,linhares,-19.3911,-40.0722,301.02,59,86,3.63,BR,1678563319
357,namibe,-15.1961,12.1522,295.72,84,99,3.58,AO,1678562894
358,latung,5.5,120.8833,299.99,78,96,8.05,PH,1678563320
359,makakilo city,21.3469,-158.0858,297.14,69,0,1.54,US,1678562915
360,bone,51.9669,12.1396,273.99,78,31,3.39,DE,1678563321
361,nipawin,53.3668,-104.0009,267.17,73,0,8.23,CA,1678563321
362,capinopolis,-18.6819,-49.5697,296.1,85,100,1.8,BR,1678563322
363,fukue,32.6881,128.8419,289.38,86,96,4.61,JP,1678563322
364,sonda,59.3436,26.8364,267.93,98,100,0.85,EE,1678563323
365,baruun-urt,46.6806,113.2792,260.46,49,15,4.09,MN,1678563323
366,sitka,57.0531,-135.33,274.09,32,40,5.14,US,1678563324
367,aquiraz,-3.9014,-38.3911,303.2,75,57,2.95,BR,1678563324
368,san jeronimo,-11.9472,-75.2829,287.02,71,100,1.7,PE,1678563325
369,minggang,32.4586,114.0486,285.23,19,100,2.32,CN,1678563325
370,beira,-19.8436,34.8389,298.54,89,100,6.57,MZ,1678563326
371,alpena,45.0617,-83.4327,270.99,71,75,2.06,US,1678563326
372,mocuba,-16.8392,36.9856,296.14,96,100,7.25,MZ,1678563326
373,thenzawl,23.3167,92.75,288.25,42,100,1.46,IN,1678563327
374,gubkinskiy,64.434,76.5026,267.96,95,100,11.3,RU,1678563327
375,sibu,2.3,111.8167,297.32,94,40,2.06,MY,1678563328
376,brigantine,39.4101,-74.3646,279.93,81,100,6.69,US,1678563221
377,raahe,64.6833,24.4833,269.8,95,100,2.5,FI,1678563328
378,manono,-7.3,27.4167,292.54,97,91,0.92,CD,1678563329
379,bossangoa,6.4926,17.4552,301.14,25,41,1.55,CF,1678563329
380,san vicente,-26.6167,-54.1333,305.64,30,18,2.43,AR,1678563330
381,daru,-9.0763,143.2092,298.71,84,97,0.44,PG,1678562839
382,saiha,22.4833,92.9667,291.23,37,100,1.75,IN,1678563330
383,karpogory,64.0019,44.4451,264.17,96,100,2.54,RU,1678563331
384,lucea,18.451,-78.1736,301.07,65,72,2.17,JM,1678563331
385,north bend,43.4065,-124.2243,285.51,90,40,0.0,US,1678563332
386,chapais,49.7834,-74.8492,269.03,78,100,3.5,CA,1678562809
387,sabha,27.0377,14.4283,295.45,17,0,4.16,LY,1678562734
388,luoyang,34.6836,112.4536,281.89,12,100,3.32,CN,1678563332
389,marinette,45.1,-87.6307,273.4,54,0,5.14,US,1678563333
390,pedasi,7.5333,-80.0333,299.27,73,75,5.11,PA,1678563333
391,bambous virieux,-20.3428,57.7575,299.94,83,40,3.09,MU,1678562766
392,aksarka,66.5606,67.7975,258.88,81,93,6.05,RU,1678563334
393,salalah,17.0151,54.0924,299.2,73,0,1.03,OM,1678563335
394,mogadishu,2.0371,45.3438,299.7,86,67,7.8,SO,1678562866
395,nyurba,63.2842,118.3319,240.4,100,100,1.59,RU,1678563335
396,ahipara,-35.1667,173.1667,291.08,72,83,1.56,NZ,1678563336
397,palmerston,-12.486,130.9833,299.14,91,22,1.54,AU,1678563336
398,dimona,31.0667,35.0333,289.91,29,83,1.21,IL,1678563337
399,fallon,39.4735,-118.7774,280.88,66,100,2.57,US,1678563337
400,rabo de peixe,37.8,-25.5833,288.88,100,75,6.69,PT,1678562873
401,pirajui,-21.9986,-49.4572,294.18,91,100,1.29,BR,1678563338
402,san luis,-33.295,-66.3356,309.05,22,0,7.82,AR,1678563338
403,aransas pass,27.9095,-97.15,305.2,100,0,9.26,US,1678563339
404,longyearbyen,78.2186,15.6401,265.06,73,75,6.17,SJ,1678563339
405,astana,51.1801,71.446,273.12,93,75,5.0,KZ,1678563339
406,lakes entrance,-37.8811,147.981,288.24,95,82,2.42,AU,1678563340
407,hualmay,-11.0964,-77.6139,299.97,68,80,4.5,PE,1678562742
408,calbuco,-41.768,-73.1273,294.71,72,100,10.62,CL,1678563340
409,soyo,-6.1349,12.3689,299.84,82,100,3.19,AO,1678562808
410,geraldton,-28.7667,114.6,290.38,88,5,2.06,AU,1678562790
411,tuy hoa,13.0833,109.3,295.98,72,95,3.59,VN,1678563341
412,ankang,32.68,109.0172,285.11,60,100,0.36,CN,1678563342
413,lorengau,-2.0226,147.2712,299.46,81,97,0.97,PG,1678563342
414,ternate,0.8,127.4,299.1,81,89,2.75,ID,1678563343
415,nainpur,22.4333,80.1167,294.41,28,0,2.15,IN,1678563343
416,poladpur,17.9802,73.466,298.68,35,1,1.48,IN,1678563344
417,oak ridge,36.0104,-84.2696,286.29,44,0,1.79,US,1678563212
418,severo-yeniseyskiy,60.3725,93.0408,270.6,81,100,3.97,RU,1678563344
419,magole,-6.3667,37.3667,295.6,91,100,1.0,TZ,1678563345
420,lermontovka,47.1453,134.3383,269.36,89,100,0.54,RU,1678563345
421,terrace,54.5163,-128.6035,272.1,37,75,4.63,CA,1678563346
422,formosa,-26.1775,-58.1781,310.91,37,20,5.0,AR,1678563346
423,chicama,-7.8447,-79.1469,300.45,66,100,3.58,PE,1678563347
424,alofi,-19.0595,-169.9187,297.09,100,100,2.06,NU,1678562829
425,assiniboia,49.6334,-105.9845,266.05,86,100,9.77,CA,1678563348
426,lufilufi,-13.8745,-171.5986,301.05,77,90,7.64,WS,1678563348
427,sungaipenuh,-2.0833,101.3833,290.87,97,99,0.89,ID,1678563349
428,hasaki,35.7333,140.8333,281.6,59,0,1.9,JP,1678563349
429,ust-maya,60.4167,134.5333,262.38,94,100,3.2,RU,1678563350
430,igarka,67.4667,86.5833,269.57,96,100,9.23,RU,1678562850
431,buluang,13.3068,123.3425,293.1,91,57,1.58,PH,1678563350
432,ancud,-41.8697,-73.8203,289.05,93,100,11.69,CL,1678563351
433,carutapera,-1.195,-46.02,299.96,82,10,3.47,BR,1678563351
434,asau,46.4333,26.4,280.66,62,35,6.23,RO,1678562796
435,batagay,67.6333,134.6333,247.85,100,100,0.11,RU,1678563352
436,parkes,-33.1333,148.1833,292.23,91,0,1.99,AU,1678563352
437,papar,5.7333,115.9333,296.98,86,67,1.15,MY,1678563353
438,damaturu,11.747,11.9608,302.04,9,100,5.09,NG,1678563353
439,roros,62.5747,11.3842,257.06,85,77,0.0,NO,1678563354
440,yining,29.0361,114.5636,287.44,51,51,3.8,CN,1678563354
441,padang,-0.9492,100.3543,297.44,91,100,1.27,ID,1678562767
442,edd,13.9297,41.6925,301.5,68,99,4.64,ER,1678563355
443,izbiceni,43.8333,24.65,280.49,58,94,11.36,RO,1678563355
444,lavrentiya,65.5833,-171.0,259.61,92,100,2.0,RU,1678563356
445,ginda,30.6945,78.4932,283.73,36,0,2.75,IN,1678563356
446,tibati,6.4667,12.6333,298.03,38,100,2.82,CM,1678563357
447,antofagasta,-23.65,-70.4,296.75,71,6,3.23,CL,1678563357
448,longyan,25.1072,117.0225,290.85,61,99,0.62,CN,1678563358
449,champerico,14.3,-91.9167,305.45,62,19,5.36,GT,1678563358
450,disna,55.568,28.1971,272.36,98,100,5.66,BY,1678563358
451,lensk,60.7253,114.9278,248.65,94,96,1.86,RU,1678563359
452,kiama,-34.6833,150.8667,294.82,87,88,0.89,AU,1678562783
453,sambava,-14.2667,50.1667,298.45,87,96,4.22,MG,1678563359
454,bubaque,11.2833,-15.8333,298.89,71,0,7.48,GW,1678562846
455,tilichiki,60.4667,166.1,247.0,92,11,4.28,RU,1678562813
456,dauphin,51.1494,-100.0502,265.23,67,75,6.69,CA,1678563360
457,ulladulla,-35.35,150.4667,290.8,84,98,1.8,AU,1678562804
458,codajas,-3.8367,-62.0569,299.5,94,100,1.17,BR,1678563361
459,manggar,-2.8833,108.2667,298.24,88,78,2.98,ID,1678563361
460,gikongoro,-2.464,29.5739,288.26,93,100,0.76,RW,1678563362
461,inyonga,-6.7167,32.0667,290.43,96,100,0.82,TZ,1678563362
462,corinto,37.9407,22.9573,289.2,82,23,2.73,GR,1678563363
463,rio gallegos,-51.6226,-69.2181,287.18,35,0,11.83,AR,1678563180
464,olafsvik,64.8945,-23.7142,266.02,60,100,10.44,IS,1678563363
465,morros,-9.4467,-46.3003,304.07,44,100,2.43,BR,1678563364
466,harper,4.375,-7.7169,300.23,83,19,4.36,LR,1678562912
467,yumen,40.2833,97.2,270.84,30,0,2.83,CN,1678563365
468,pathein,16.7833,94.7333,297.26,77,100,3.2,MM,1678563366
469,bilma,18.6853,12.9164,300.83,11,100,4.22,NE,1678562853
470,bonthe,7.5264,-12.505,299.9,82,100,4.57,SL,1678563366
471,evensk,61.95,159.2333,248.33,80,79,2.28,RU,1678562835
472,kohlu,29.8962,69.252,294.11,26,100,1.12,PK,1678563367
473,mattru,7.6244,-11.8332,300.44,72,100,2.83,SL,1678563367
474,buriti alegre,-18.14,-49.0403,295.75,88,97,0.46,BR,1678563368
475,avera,33.194,-82.5271,289.88,37,98,0.42,US,1678563369
476,baykit,61.67,96.37,268.44,99,100,1.85,RU,1678563369
477,pitimbu,-7.4706,-34.8086,303.48,69,28,4.96,BR,1678562818
478,mananjary,-21.2167,48.3333,296.31,90,100,1.29,MG,1678563370
479,mehtar lam,34.6714,70.2094,293.44,38,79,1.78,AF,1678563370
480,cassilandia,-19.1133,-51.7342,296.85,85,100,3.18,BR,1678563371
481,bangkalan,-7.0455,112.7351,299.12,87,99,0.86,ID,1678563371
482,nogliki,51.8333,143.1667,266.53,93,100,3.74,RU,1678563372
483,kurchum,48.5722,83.6542,279.89,33,100,11.14,KZ,1678563372
484,manado,1.487,124.8455,296.58,94,20,0.51,ID,1678563373
485,rosamorada,22.1222,-105.2058,306.37,27,0,4.66,MX,1678563373
486,poum,-20.2333,164.0167,299.37,70,13,7.66,NC,1678563374
487,shache,38.4167,77.2406,281.93,29,2,2.23,CN,1678563375
488,taltal,-25.4,-70.4833,295.04,75,46,2.16,CL,1678562842
489,izumo,35.3667,132.7667,283.12,73,100,2.41,JP,1678563167
490,sayyan,15.1718,44.3244,287.26,71,100,1.17,YE,1678563375
491,villa carlos paz,-31.4241,-64.4978,309.85,23,30,6.71,AR,1678563376
492,seoul,37.5683,126.9778,280.93,82,75,3.6,KR,1678563055
493,totness,5.8833,-56.3167,299.92,67,100,4.58,SR,1678563377
494,general teran,25.2667,-99.6833,308.51,26,15,2.22,MX,1678563377
495,pieve di soligo,45.9025,12.1772,286.04,77,100,2.7,IT,1678563377
496,kalulushi,-12.8378,28.0919,290.69,95,99,0.84,ZM,1678563378
497,kinsale,51.7075,-8.5306,282.8,87,20,5.66,IE,1678563379
498,lask,51.5906,19.1328,273.16,84,17,1.34,PL,1678563379
499,gladstone,-23.85,151.25,299.11,94,75,0.51,AU,1678563380
500,darnah,32.767,22.6367,290.32,63,99,9.08,LY,1678563380
501,ahuimanu,21.4447,-157.8378,298.35,63,20,1.54,US,1678563381
502,mazyr,52.0495,29.2456,277.73,99,100,2.14,BY,1678563381
503,caravelas,-17.7125,-39.2481,300.01,68,100,3.23,BR,1678563381
504,lasa,46.6166,10.7002,280.64,90,68,3.07,IT,1678562886
505,cayenne,4.9333,-52.3333,302.17,70,75,5.66,GF,1678563379
506,aleppo,36.25,37.5,287.59,41,48,4.49,SY,1678563382
507,kasongo,-4.45,26.6667,293.13,97,94,0.76,CD,1678563383
508,kaduqli,11.0167,29.7167,301.11,13,34,4.05,SD,1678563383
509,nicoya,10.1483,-85.452,304.25,49,98,2.7,CR,1678563384
510,tebingtinggi,3.3285,99.1625,296.21,96,83,1.27,ID,1678563384
511,marica,-22.9194,-42.8186,300.12,89,100,1.15,BR,1678563384
512,saint-pierre,-21.3393,55.4781,297.97,69,100,6.69,RE,1678563385
513,khilok,51.3674,110.4676,256.6,91,14,1.25,RU,1678562836
514,luanda,-8.8368,13.2343,299.21,83,100,3.72,AO,1678563119
515,zyryanka,65.75,150.85,251.22,91,100,2.73,RU,1678563386
516,nagato,34.3833,131.2,286.11,83,100,2.59,JP,1678563386
517,la ligua,-32.4524,-71.2311,295.12,63,8,4.37,CL,1678563387
518,lanzhou,36.0564,103.7922,274.14,28,8,0.35,CN,1678563387
519,ryotsu,38.0833,138.4333,283.34,59,78,1.68,JP,1678563388
520,kologriv,58.8275,44.3178,266.69,90,100,4.95,RU,1678563389
521,oksfjord,70.2396,22.3479,271.25,72,26,5.59,NO,1678563389
522,wahiawa,21.5028,-158.0236,296.69,74,0,1.54,US,1678563390
523,bambanglipuro,-7.95,110.2833,297.41,86,52,0.94,ID,1678563390
524,san-pedro,4.7485,-6.6363,300.2,84,26,4.33,CI,1678563391
525,quanzhou,24.9139,118.5858,290.16,71,85,1.49,CN,1678563391
526,nieuw amsterdam,5.8833,-55.0833,303.24,58,40,3.09,SR,1678563392
527,revelstoke,50.9832,-118.2023,273.16,74,100,1.54,CA,1678563392
528,le mars,42.7942,-96.1656,274.18,100,40,3.09,US,1678563393
529,sharya,58.3686,45.5144,265.94,93,100,4.33,RU,1678563393
530,krasnaya gorbatka,55.8703,41.7641,271.56,91,100,5.79,RU,1678563394
531,sistranda,63.7256,8.834,271.13,77,65,6.65,NO,1678563394
532,oktyabrskiy,54.4815,53.471,263.28,97,62,1.06,RU,1678563394
533,college,64.8569,-147.8028,260.14,84,20,0.0,US,1678563395
534,miyako,39.6367,141.9525,276.9,87,12,1.17,JP,1678563395
535,kosonsoy,41.2561,71.5508,285.46,46,77,1.54,UZ,1678563396
536,methoni,36.8197,21.7049,289.38,83,100,3.68,GR,1678563396
537,beyneu,45.3167,55.2,283.04,66,1,4.28,KZ,1678562820
538,kavaratti,10.5669,72.642,300.9,64,5,1.57,IN,1678563397
539,uporovo,56.3109,66.2693,265.01,93,11,3.53,RU,1678563397
540,brae,60.3964,-1.353,270.79,62,99,2.96,GB,1678563398
541,pavullo nel frignano,44.3315,10.835,282.8,80,24,11.83,IT,1678563398
542,malumfashi,11.7853,7.6218,299.51,14,57,4.33,NG,1678563398
543,nantucket,41.2835,-70.0995,277.18,92,100,9.26,US,1678562594
544,trelew,-43.249,-65.3051,310.19,10,76,6.64,AR,1678563399
